image_path,nbars,minimum,maximum,median,mean,ngaussians
visual_qa_histograms/example_hists_larger/images/id_000000.png,45,-0.9047264039342007,0.6964656686141694,-0.39082170948361805,-0.20633316982538769,4
visual_qa_histograms/example_hists_larger/images/id_000001.png,10,-0.5919196257834818,-0.27630200982549746,-0.45212254011798825,-0.4460065954293243,2
visual_qa_histograms/example_hists_larger/images/id_000002.png,60,-0.6667763859795526,-0.07268014331597172,-0.2810809418800419,-0.30501544080478027,4
visual_qa_histograms/example_hists_larger/images/id_000003.png,45,-0.30466804183339324,0.5790632988585173,0.2973367282826563,0.2547166783034342,2
visual_qa_histograms/example_hists_larger/images/id_000004.png,20,-0.688648568426582,-0.6171078344671471,-0.6295514667094786,-0.6364715493426524,2
visual_qa_histograms/example_hists_larger/images/id_000005.png,10,0.372947284063366,0.38951834235530686,0.3833843589699823,0.3827061126705941,3
visual_qa_histograms/example_hists_larger/images/id_000006.png,60,0.49781657172264515,0.5781659770572692,0.5212451282341715,0.5217285057957731,2
visual_qa_histograms/example_hists_larger/images/id_000007.png,45,-0.49939292375452266,-0.16298587121785899,-0.45922707501535287,-0.43408661197191,2
visual_qa_histograms/example_hists_larger/images/id_000008.png,10,-0.1213421815054599,0.9789205213838444,0.2461121734470477,0.28090956674986867,4
visual_qa_histograms/example_hists_larger/images/id_000009.png,60,-0.14462501962704954,0.47883179797788816,0.4158889958632984,0.3415220764348809,2
visual_qa_histograms/example_hists_larger/images/id_000010.png,45,-0.3032462228424307,0.2012922372687523,0.03592348802570142,0.02473654975302785,5
visual_qa_histograms/example_hists_larger/images/id_000011.png,20,-0.394376117708046,0.7170542509775597,0.26405590147408436,0.28734545197682443,4
visual_qa_histograms/example_hists_larger/images/id_000012.png,10,-0.8263033489737583,0.7136022099943925,-0.3960732620755204,-0.24694756939720558,3
visual_qa_histograms/example_hists_larger/images/id_000013.png,20,-0.3360074420396429,0.20933807814171612,-0.0022836374690634693,-0.03838454762283976,3
visual_qa_histograms/example_hists_larger/images/id_000014.png,45,-0.5492323983881242,0.3744468566420835,-0.2227442980222789,-0.14735957533180988,4
visual_qa_histograms/example_hists_larger/images/id_000015.png,10,-0.8655422083315913,0.8108749710735086,0.26661561204848955,0.06513266298537629,2
visual_qa_histograms/example_hists_larger/images/id_000016.png,10,-0.9053395256059281,-0.09309551519229584,-0.3807852605615041,-0.39796670363342385,5
visual_qa_histograms/example_hists_larger/images/id_000017.png,20,-0.08093127150678465,0.6484331620945848,0.09340731076806023,0.11407539071503647,5
visual_qa_histograms/example_hists_larger/images/id_000018.png,20,-0.1374043384259026,0.434843271247621,0.11465753028074269,0.20379930558191223,3
visual_qa_histograms/example_hists_larger/images/id_000019.png,45,0.0434471471117376,0.28855785006943546,0.16137026570670224,0.16110334201823262,1
visual_qa_histograms/example_hists_larger/images/id_000020.png,60,-0.5367963326209224,-0.37749963246265567,-0.4885990503917135,-0.4773612241389715,5
visual_qa_histograms/example_hists_larger/images/id_000021.png,10,-0.5645535306255609,0.6209410612747607,0.20561990527343127,0.10561629575462943,5
visual_qa_histograms/example_hists_larger/images/id_000022.png,10,-0.9008141751729467,-0.44324212615529757,-0.6893955154392798,-0.6819867640526006,3
visual_qa_histograms/example_hists_larger/images/id_000023.png,20,0.5733766889199251,0.6435724415852478,0.5958497214309391,0.5988179682101175,3
visual_qa_histograms/example_hists_larger/images/id_000024.png,10,-0.6201880255221505,-0.6004334584408937,-0.6046682711125363,-0.6052170327308083,1
visual_qa_histograms/example_hists_larger/images/id_000025.png,10,0.3259037919271015,0.4552976968458304,0.3538084580742869,0.36558094950517495,4
visual_qa_histograms/example_hists_larger/images/id_000026.png,60,-0.017935279778152156,0.18851025939438926,0.07582939709554565,0.07580707544768657,1
visual_qa_histograms/example_hists_larger/images/id_000027.png,60,-0.49543010737457194,0.7107771369784351,0.0886796287936791,0.05237456200266715,5
visual_qa_histograms/example_hists_larger/images/id_000028.png,45,-0.6528843346296044,0.5756025273461339,-0.4465698206247158,-0.2624056693976808,3
visual_qa_histograms/example_hists_larger/images/id_000029.png,10,0.010753987613306398,0.13262421875483582,0.049982386652979854,0.05077867828521101,1
visual_qa_histograms/example_hists_larger/images/id_000030.png,10,0.09577167183437134,0.598831222534429,0.3835701269801063,0.3582727033457322,5
visual_qa_histograms/example_hists_larger/images/id_000031.png,10,-0.4017503875979567,0.8142682206180138,0.11360037822033764,0.1602126304559087,5
visual_qa_histograms/example_hists_larger/images/id_000032.png,60,0.09376519293163835,0.6967168480178993,0.4060190531413958,0.4024326435013891,2
visual_qa_histograms/example_hists_larger/images/id_000033.png,60,-0.5599759700924474,0.37777480351812737,-0.07285450513600233,-0.07513231529876005,1
visual_qa_histograms/example_hists_larger/images/id_000034.png,10,-0.3048197136419563,0.24607493985413612,-0.15917325494280582,-0.1520181651091331,3
visual_qa_histograms/example_hists_larger/images/id_000035.png,20,0.2381489990640514,0.5937607200627676,0.4294346283191736,0.43611610275237794,2
visual_qa_histograms/example_hists_larger/images/id_000036.png,20,-0.9391973011631399,0.4206981308188402,-0.12130666665549267,-0.22095073789751804,5
visual_qa_histograms/example_hists_larger/images/id_000037.png,20,0.3225171460909943,0.6186912107785185,0.3912299065618621,0.4056583667426519,5
visual_qa_histograms/example_hists_larger/images/id_000038.png,45,-0.4430218602283987,0.494330221190844,-0.016446780942543114,0.051048224577788855,4
visual_qa_histograms/example_hists_larger/images/id_000039.png,20,-0.34139714356520895,-0.1319200380035119,-0.22744245803944238,-0.2409490365169251,2
visual_qa_histograms/example_hists_larger/images/id_000040.png,10,0.6080700599469548,0.7476259310659916,0.7176750177906102,0.6962529134623142,5
visual_qa_histograms/example_hists_larger/images/id_000041.png,10,-0.48686145799634817,0.6036526404310715,-0.022154648962626835,-0.03139223579381117,3
visual_qa_histograms/example_hists_larger/images/id_000042.png,10,-0.9978748166562905,0.9383031015602575,-0.049929355026744414,-0.039022906708263,2
visual_qa_histograms/example_hists_larger/images/id_000043.png,45,0.35769937998776946,0.5738610681554651,0.4563177078510884,0.4564640315983994,1
visual_qa_histograms/example_hists_larger/images/id_000044.png,10,-0.3286551881179115,-0.03374719218027731,-0.0904130882070146,-0.09948653863129317,1
visual_qa_histograms/example_hists_larger/images/id_000045.png,60,-0.19311650317288276,0.6857508882737199,0.22249755320272838,0.2228918597208179,1
visual_qa_histograms/example_hists_larger/images/id_000046.png,45,-0.4798274075082047,0.2876748753570414,-0.2727843050620584,-0.2595891450956974,2
visual_qa_histograms/example_hists_larger/images/id_000047.png,60,0.4188888537109681,0.42517530139819804,0.42218275437658803,0.422355786784839,3
visual_qa_histograms/example_hists_larger/images/id_000048.png,20,-0.9646066170404763,-0.9307123433019461,-0.9467525810295162,-0.9467719955568675,1
visual_qa_histograms/example_hists_larger/images/id_000049.png,10,-0.8454773446832127,-0.7900142076423338,-0.819630126309963,-0.8196208867152285,1
visual_qa_histograms/example_hists_larger/images/id_000050.png,60,-0.09104989935554396,0.28837997981042107,0.15281949043936421,0.13784112027004966,2
visual_qa_histograms/example_hists_larger/images/id_000051.png,60,-0.4631332552927632,0.9216633591589062,0.35901032695952023,0.2789328549100972,3
visual_qa_histograms/example_hists_larger/images/id_000052.png,10,-0.08368862234262156,0.9758801491712982,0.2770948099480014,0.30526786333266964,5
visual_qa_histograms/example_hists_larger/images/id_000053.png,60,-0.7126655586141407,-0.40840836082085047,-0.6287757897955821,-0.5867148378516117,4
visual_qa_histograms/example_hists_larger/images/id_000054.png,60,0.620162405011451,0.6266898507359675,0.6249566882195632,0.6246612853334527,2
visual_qa_histograms/example_hists_larger/images/id_000055.png,60,-0.5110299038743356,0.7373950786335699,-0.15562964952091612,-0.0536912618480271,4
visual_qa_histograms/example_hists_larger/images/id_000056.png,10,-0.24264723206157734,0.8697798138653363,0.2868844688997741,0.3209213877762313,4
visual_qa_histograms/example_hists_larger/images/id_000057.png,60,-0.06152510736081116,0.8633949041079754,0.37320757122072384,0.41697200900092446,4
visual_qa_histograms/example_hists_larger/images/id_000058.png,45,0.7982365401422935,0.9236013611522789,0.897046788516945,0.8795939572386097,2
visual_qa_histograms/example_hists_larger/images/id_000059.png,45,-0.7715773983319966,0.6631875661930245,-0.22677195241943784,-0.17510650220919566,4
visual_qa_histograms/example_hists_larger/images/id_000060.png,60,-0.2713355124935698,0.8468768709962614,0.050885358404954756,0.08220249980586865,2
visual_qa_histograms/example_hists_larger/images/id_000061.png,10,-0.47967248428235465,0.4261467444218441,-0.19388892672143906,-0.09176417993721377,4
visual_qa_histograms/example_hists_larger/images/id_000062.png,45,-0.8059527284749881,0.38520818477012453,-0.29958429550562526,-0.28426033970461195,4
visual_qa_histograms/example_hists_larger/images/id_000063.png,60,-0.3157989045344703,0.1991706318514893,-0.03490469734776254,-0.04036127988716337,2
visual_qa_histograms/example_hists_larger/images/id_000064.png,60,-0.3629044942830974,0.4781739519011961,-0.23614796290407847,-0.13072372656185516,3
visual_qa_histograms/example_hists_larger/images/id_000065.png,60,0.6647349861422596,0.8980348020866723,0.7996764253757443,0.7985322458599009,3
visual_qa_histograms/example_hists_larger/images/id_000066.png,45,0.01022207530172007,0.21755102474694146,0.153202226962759,0.15575908689600046,2
visual_qa_histograms/example_hists_larger/images/id_000067.png,10,-0.6792378737607135,0.34941012336693594,0.11577372526396794,-0.033919879603798365,4
visual_qa_histograms/example_hists_larger/images/id_000068.png,10,0.25424670565087637,0.6570588309828223,0.5089031647756781,0.4988500141987686,2
visual_qa_histograms/example_hists_larger/images/id_000069.png,45,0.33871911480149713,0.7399846666684841,0.5695878215892201,0.5454094599627132,5
visual_qa_histograms/example_hists_larger/images/id_000070.png,60,-0.7741928801792811,0.5639732700216585,-0.344447335875571,-0.36087800804687264,3
visual_qa_histograms/example_hists_larger/images/id_000071.png,20,-0.6443379800585389,0.4216168476214228,0.21922630531421483,0.19683958577351632,1
visual_qa_histograms/example_hists_larger/images/id_000072.png,10,0.41248787359072653,0.9642968553380767,0.8286461553364171,0.8216087861125375,1
visual_qa_histograms/example_hists_larger/images/id_000073.png,20,0.5395262339121385,0.8567529868584498,0.6830150853795721,0.6869279586020993,3
visual_qa_histograms/example_hists_larger/images/id_000074.png,20,0.25065115011301264,0.7140329455608557,0.3317711443658959,0.41151071286896385,5
visual_qa_histograms/example_hists_larger/images/id_000075.png,20,0.09043255720193871,0.8351884379041307,0.5084913427798151,0.5139980213088094,3
visual_qa_histograms/example_hists_larger/images/id_000076.png,10,-0.2459031771719533,-0.20710807549526147,-0.2290941288612068,-0.22629021426957124,5
visual_qa_histograms/example_hists_larger/images/id_000077.png,20,0.7444148014956897,0.9500525365964545,0.792293600453339,0.8189307369597328,5
visual_qa_histograms/example_hists_larger/images/id_000078.png,10,-0.5555105973016333,0.912889666479465,0.11575063261194671,0.14095935558569225,5
visual_qa_histograms/example_hists_larger/images/id_000079.png,45,-0.9503765872452341,0.7284170363617721,0.3358365903983768,0.13333517790837143,5
visual_qa_histograms/example_hists_larger/images/id_000080.png,20,0.25254196377162924,0.5214195864730514,0.28800440400988925,0.30261411079599515,2
visual_qa_histograms/example_hists_larger/images/id_000081.png,60,-0.5236778634520554,0.24714623082421433,-0.06396140118688184,-0.061724835501089655,4
visual_qa_histograms/example_hists_larger/images/id_000082.png,45,0.3429829045213011,0.7823184257395878,0.7367364809576407,0.688022941306116,3
visual_qa_histograms/example_hists_larger/images/id_000083.png,60,-0.2953496767195439,0.5011008582555219,0.14305582690091773,0.0738130697964247,5
visual_qa_histograms/example_hists_larger/images/id_000084.png,20,0.2969485626687946,0.8813317512590991,0.7237910177356819,0.6242218708830538,2
visual_qa_histograms/example_hists_larger/images/id_000085.png,20,0.7211616231282865,0.7579591398332585,0.7428911539910211,0.7427801048852064,1
visual_qa_histograms/example_hists_larger/images/id_000086.png,60,-0.4485099032865848,-0.3646842814029118,-0.4017646572558484,-0.4031325992131429,1
visual_qa_histograms/example_hists_larger/images/id_000087.png,45,-0.40904849373972024,0.4955234810898763,0.09238414903386757,0.1455023507276543,3
visual_qa_histograms/example_hists_larger/images/id_000088.png,20,-0.5448986882264001,0.3871706514994627,-0.2619371019650679,-0.23470132480030018,4
visual_qa_histograms/example_hists_larger/images/id_000089.png,20,-0.9085173250494901,-0.4161180212579595,-0.6249507703983392,-0.6513594641263052,4
visual_qa_histograms/example_hists_larger/images/id_000090.png,45,0.3813605744015726,0.6757211294328198,0.5162903323866035,0.5202998020368361,1
visual_qa_histograms/example_hists_larger/images/id_000091.png,10,-0.17567143778619437,0.058513105273804385,-0.048132775256135796,-0.0507648841447772,1
visual_qa_histograms/example_hists_larger/images/id_000092.png,20,0.16434932370677716,0.8749676006213594,0.5873410664781984,0.6089871493950462,3
visual_qa_histograms/example_hists_larger/images/id_000093.png,20,-0.9247887226518449,0.7684502166019307,0.10904658697456812,0.14569104493157356,3
visual_qa_histograms/example_hists_larger/images/id_000094.png,45,-0.20775666294379413,0.06729995209035007,-0.01776280510867426,-0.04017710968035271,2
visual_qa_histograms/example_hists_larger/images/id_000095.png,10,-0.9315612930385906,-0.7014659537386413,-0.8593798921320894,-0.8272223364364923,2
visual_qa_histograms/example_hists_larger/images/id_000096.png,45,-0.847204880250937,0.898815005062739,-0.5179169316359648,-0.42107211231499997,3
visual_qa_histograms/example_hists_larger/images/id_000097.png,60,-0.11593297620566355,-0.0006618491234306268,-0.04331827924920992,-0.05092008594872318,4
visual_qa_histograms/example_hists_larger/images/id_000098.png,20,0.5470002864378873,0.5701770077387384,0.5653063713230736,0.5612705903982427,3
visual_qa_histograms/example_hists_larger/images/id_000099.png,20,-0.30909340986606776,-0.20475837344015968,-0.25758690609639706,-0.2689113903732574,4
visual_qa_histograms/example_hists_larger/images/id_000100.png,60,0.10452791939351105,0.5194543674993,0.26590425894292324,0.27021086768781505,5
visual_qa_histograms/example_hists_larger/images/id_000101.png,45,-0.6261615559430845,-0.36881345563163914,-0.5202184696407725,-0.5139436986057448,1
visual_qa_histograms/example_hists_larger/images/id_000102.png,10,-0.607979165540705,-0.2958267174057843,-0.45377762643933106,-0.45369886744490356,1
visual_qa_histograms/example_hists_larger/images/id_000103.png,10,-0.4503150067659401,0.7987097024601089,-0.026758589270819835,0.12429236197178484,4
visual_qa_histograms/example_hists_larger/images/id_000104.png,10,0.30340448383401214,0.34803655498902986,0.3269517527038306,0.32689536206214326,1
visual_qa_histograms/example_hists_larger/images/id_000105.png,45,-0.9354822074763288,-0.36503550957154773,-0.8048928860175057,-0.7434704270847067,5
visual_qa_histograms/example_hists_larger/images/id_000106.png,60,-0.7509905607681466,0.3216458449127855,-0.36219818752143185,-0.33258645964258604,4
visual_qa_histograms/example_hists_larger/images/id_000107.png,10,-0.9695176807415234,-0.8143589600726746,-0.8453171893869444,-0.8483041359953191,3
visual_qa_histograms/example_hists_larger/images/id_000108.png,60,-0.9595775730693448,0.3270201383247418,-0.0551748810325724,-0.11085015959405592,1
visual_qa_histograms/example_hists_larger/images/id_000109.png,20,0.418028461343564,0.9918746661342187,0.8253476738046328,0.7828678596630472,5
visual_qa_histograms/example_hists_larger/images/id_000110.png,10,-0.9631981937994042,-0.9214371326104569,-0.9534623844788789,-0.9520981625990815,1
visual_qa_histograms/example_hists_larger/images/id_000111.png,45,-0.87272115753589,0.9935671167110289,-0.08893474454777266,-0.012945173759668608,5
visual_qa_histograms/example_hists_larger/images/id_000112.png,60,-0.9187674790843442,0.13645606410752315,-0.5360339014887909,-0.4573740154095471,5
visual_qa_histograms/example_hists_larger/images/id_000113.png,10,-0.024814880734160764,0.4411222806151476,0.28388589539991,0.22280709665050996,3
visual_qa_histograms/example_hists_larger/images/id_000114.png,20,0.8193267894224873,0.8928269308409528,0.8685354943521597,0.8681442162087021,1
visual_qa_histograms/example_hists_larger/images/id_000115.png,20,0.3957271587519012,0.48264406814266647,0.42951057279114524,0.43234413100332547,5
visual_qa_histograms/example_hists_larger/images/id_000116.png,20,-0.14251472215248054,0.11410064387480993,0.012703148021039454,0.0062625728039564215,2
visual_qa_histograms/example_hists_larger/images/id_000117.png,60,-0.9368560938677438,-0.647533920215795,-0.738255448642589,-0.741252351939358,2
visual_qa_histograms/example_hists_larger/images/id_000118.png,20,0.4184716422071501,0.9279533568133195,0.8255745513416031,0.8082208035656571,1
visual_qa_histograms/example_hists_larger/images/id_000119.png,10,-0.5958135419850714,0.027186873335950986,-0.4690996746470753,-0.3961775140476767,3
visual_qa_histograms/example_hists_larger/images/id_000120.png,60,0.44947215504619537,0.885049653649575,0.6411496328794674,0.678255346738931,3
visual_qa_histograms/example_hists_larger/images/id_000121.png,45,0.19948755353120592,0.24224818174555843,0.2195617436518415,0.22306610832268803,5
visual_qa_histograms/example_hists_larger/images/id_000122.png,45,0.5628834481899185,0.686918614666043,0.6242372640454028,0.6244665545242195,1
visual_qa_histograms/example_hists_larger/images/id_000123.png,60,-0.021860655131871826,0.10025426463882049,0.043149182222682866,0.05356141695722373,4
visual_qa_histograms/example_hists_larger/images/id_000124.png,10,0.09661627916925286,0.6100875005673191,0.43505648460023016,0.4184908568381212,1
visual_qa_histograms/example_hists_larger/images/id_000125.png,10,-0.8817028241881686,-0.8766585428935454,-0.8781377090611427,-0.8785644370848581,5
visual_qa_histograms/example_hists_larger/images/id_000126.png,45,-0.9103350088589668,-0.838903862267868,-0.8548951524071411,-0.8754996361229093,2
visual_qa_histograms/example_hists_larger/images/id_000127.png,45,-0.4199506644273427,0.7240459887569731,0.3110313689860085,0.3215486364432865,5
visual_qa_histograms/example_hists_larger/images/id_000128.png,10,-0.9900608031370195,-0.28510644166512444,-0.7462099991297879,-0.6638951575933462,4
visual_qa_histograms/example_hists_larger/images/id_000129.png,10,0.14148231539366768,0.8648695161594256,0.2687564609701791,0.3217321828606018,2
visual_qa_histograms/example_hists_larger/images/id_000130.png,10,-0.11296264427431216,0.8744300562990743,0.39153832515524634,0.32975908615825067,2
visual_qa_histograms/example_hists_larger/images/id_000131.png,45,-0.9669188310548197,0.6552959026016697,-0.11020967954913227,-0.12180605783867272,1
visual_qa_histograms/example_hists_larger/images/id_000132.png,45,0.06176798995592972,0.4206513883391467,0.31661181563525725,0.29101242300766067,3
visual_qa_histograms/example_hists_larger/images/id_000133.png,45,0.36683051062324407,0.908414312444614,0.6106021445034542,0.6186144729124906,2
visual_qa_histograms/example_hists_larger/images/id_000134.png,45,-0.805258026542941,0.48149958800066367,0.28377051402873865,0.03711446018843008,4
visual_qa_histograms/example_hists_larger/images/id_000135.png,45,-0.7088015275797146,-0.5491342495054328,-0.6504193116080962,-0.6487736652020157,2
visual_qa_histograms/example_hists_larger/images/id_000136.png,20,-0.14264504248680698,0.556921647716792,0.226663635016481,0.22664563729273565,1
visual_qa_histograms/example_hists_larger/images/id_000137.png,60,-0.9360094702111926,0.6388122947324918,0.13547068621800967,0.11221044183710294,4
visual_qa_histograms/example_hists_larger/images/id_000138.png,45,-0.0148076608540347,0.014165539162228942,-0.010909989267841213,-0.004309659361464244,2
visual_qa_histograms/example_hists_larger/images/id_000139.png,10,-0.5503059788801858,0.04104147390422752,-0.23155769598798331,-0.2313112125264217,1
visual_qa_histograms/example_hists_larger/images/id_000140.png,10,-0.6957176911685605,0.02498918755897406,-0.21486418877507446,-0.21087024356736148,3
visual_qa_histograms/example_hists_larger/images/id_000141.png,20,0.07036411396909616,0.7096783131072586,0.28424190844811187,0.4082461518081886,2
visual_qa_histograms/example_hists_larger/images/id_000142.png,45,0.12960425021813343,0.42539696241627395,0.3620183163534187,0.338657094289659,3
visual_qa_histograms/example_hists_larger/images/id_000143.png,45,0.3249756374480493,0.7288773071830777,0.40194472640917045,0.44206765646924095,2
visual_qa_histograms/example_hists_larger/images/id_000144.png,20,0.568172204993372,0.9983624205601921,0.7293650312320148,0.7315397594619165,5
visual_qa_histograms/example_hists_larger/images/id_000145.png,45,-0.8051689423271271,-0.34180795873764946,-0.5343366729982506,-0.5433188469504202,2
visual_qa_histograms/example_hists_larger/images/id_000146.png,45,-0.7008654533190359,-0.033395414647721076,-0.23926100069021766,-0.2942436500301919,4
visual_qa_histograms/example_hists_larger/images/id_000147.png,20,0.4502208974444541,0.7566496006568826,0.6287488037748836,0.6041549457127011,5
visual_qa_histograms/example_hists_larger/images/id_000148.png,60,0.14964144020823372,0.79813417870183,0.465909950879003,0.4899245255145476,5
visual_qa_histograms/example_hists_larger/images/id_000149.png,45,-0.9263140240940876,-0.8552676067309953,-0.8881514642093269,-0.8881414746802305,1
visual_qa_histograms/example_hists_larger/images/id_000150.png,45,-0.8500061168350992,-0.30527186319988475,-0.44276315865279414,-0.46627520284673574,3
visual_qa_histograms/example_hists_larger/images/id_000151.png,45,-0.06495420223968314,0.9611062946539887,0.393494827533111,0.3960042460258317,1
visual_qa_histograms/example_hists_larger/images/id_000152.png,45,-0.6468641359587448,0.2614964133964052,0.150201200891099,-0.0037786233839713734,2
visual_qa_histograms/example_hists_larger/images/id_000153.png,10,0.07059578673631062,0.891872883438658,0.3953236559215831,0.4637140112488929,5
visual_qa_histograms/example_hists_larger/images/id_000154.png,45,-0.24670265443018888,-0.17646725005866454,-0.18743262043558057,-0.1928650582579553,4
visual_qa_histograms/example_hists_larger/images/id_000155.png,20,0.7548970407091936,0.935781765038515,0.8268765274359664,0.8261188404974679,2
visual_qa_histograms/example_hists_larger/images/id_000156.png,20,0.44877047829720673,0.6012559530638859,0.546126922784823,0.5397084124922091,4
visual_qa_histograms/example_hists_larger/images/id_000157.png,20,-0.6719946407743801,0.9355086642099976,-0.16248580409808597,-0.014036861082528893,5
visual_qa_histograms/example_hists_larger/images/id_000158.png,10,-0.5041787550700435,-0.17177153512019036,-0.3417163642202824,-0.34649007367508367,4
visual_qa_histograms/example_hists_larger/images/id_000159.png,10,-0.4453957466182558,0.9817547330836608,0.1665850710804665,0.2002695089515458,3
visual_qa_histograms/example_hists_larger/images/id_000160.png,60,-0.9142322393346423,-0.019793477941985355,-0.4301900164365832,-0.431834092047841,4
visual_qa_histograms/example_hists_larger/images/id_000161.png,20,-0.07324263968198187,0.02091493131326866,-0.0247959333409074,-0.02413942745150182,3
visual_qa_histograms/example_hists_larger/images/id_000162.png,60,-0.017323077524016087,0.256127008447837,0.013046655698349266,0.04402743622663404,2
visual_qa_histograms/example_hists_larger/images/id_000163.png,45,-0.853888505507235,-0.1566839379728816,-0.43575300255162197,-0.486418405744392,2
visual_qa_histograms/example_hists_larger/images/id_000164.png,10,0.2783009635204288,0.6761274623543002,0.5368959475298896,0.5356457991762072,1
visual_qa_histograms/example_hists_larger/images/id_000165.png,60,0.20053049168654424,0.9354380218672271,0.5181313146252088,0.5177826305682273,3
visual_qa_histograms/example_hists_larger/images/id_000166.png,60,0.5208896436419874,0.6264840991625225,0.5689668327204986,0.5698500480507767,1
visual_qa_histograms/example_hists_larger/images/id_000167.png,60,-0.30008332678317534,-0.16299199391949817,-0.25408423367632255,-0.2535288442422431,1
visual_qa_histograms/example_hists_larger/images/id_000168.png,60,-0.07012124688232291,0.005843635071894627,-0.031231433577366192,-0.03159237837469814,1
visual_qa_histograms/example_hists_larger/images/id_000169.png,45,0.2908429118041106,0.7226867427126727,0.5369153252945569,0.5004486209679913,5
visual_qa_histograms/example_hists_larger/images/id_000170.png,10,-0.28836287020572626,-0.2624261889316756,-0.2725058622869154,-0.27547338142111927,4
visual_qa_histograms/example_hists_larger/images/id_000171.png,45,-0.986590166769714,-0.6295086664283268,-0.804510515735687,-0.8202392101885218,4
visual_qa_histograms/example_hists_larger/images/id_000172.png,45,-0.03137015314355978,0.3611950434230078,0.2560423473321914,0.2524121301875216,1
visual_qa_histograms/example_hists_larger/images/id_000173.png,60,-0.309027920001538,-0.016968120210487797,-0.1637816389522399,-0.1555040925105635,2
visual_qa_histograms/example_hists_larger/images/id_000174.png,10,0.03273412864943838,0.19778000585141908,0.1301154562702015,0.12589888548026348,2
visual_qa_histograms/example_hists_larger/images/id_000175.png,20,-0.8164397336935587,-0.3022895274820997,-0.4758824051450663,-0.5424465975649178,4
visual_qa_histograms/example_hists_larger/images/id_000176.png,45,-0.8713417234395384,0.6175116284506887,-0.484277167501723,-0.41309601215190417,1
visual_qa_histograms/example_hists_larger/images/id_000177.png,10,-0.567284164466928,0.42901643091162195,0.08713776696655644,0.12325833934429604,5
visual_qa_histograms/example_hists_larger/images/id_000178.png,45,-0.3555783114018862,-0.17424315150043257,-0.2662984512957333,-0.2663807566982856,1
visual_qa_histograms/example_hists_larger/images/id_000179.png,60,-0.9405925006774355,0.48867936933644895,-0.25691459267475286,-0.2925345362379403,3
visual_qa_histograms/example_hists_larger/images/id_000180.png,45,0.7466851675530651,0.76367644085905,0.7573592609222024,0.7545111205711629,2
visual_qa_histograms/example_hists_larger/images/id_000181.png,20,-0.7041249907005993,-0.3924684349483726,-0.49141621808803054,-0.5054189016510328,5
visual_qa_histograms/example_hists_larger/images/id_000182.png,60,0.12849581254517298,0.8476378052962878,0.6000853189010809,0.5878009066130757,1
visual_qa_histograms/example_hists_larger/images/id_000183.png,60,-0.9259131854123945,-0.5908627383045826,-0.825463623480877,-0.7948635800614865,3
visual_qa_histograms/example_hists_larger/images/id_000184.png,20,-0.5765727229913579,0.6083346416627915,-0.33169131205551483,-0.21406774197810624,5
visual_qa_histograms/example_hists_larger/images/id_000185.png,45,-0.8295590717733238,0.9189061829983038,-0.0028000938581916844,0.10715122932821622,5
visual_qa_histograms/example_hists_larger/images/id_000186.png,10,-0.9014779779358754,-0.7992053295514432,-0.8497666802043835,-0.8450954780126798,4
visual_qa_histograms/example_hists_larger/images/id_000187.png,60,-0.43325486711500377,-0.1528544944309783,-0.3486614213417948,-0.33693526192125217,2
visual_qa_histograms/example_hists_larger/images/id_000188.png,45,-0.26919744626339326,0.9589819757444176,0.5268824054903558,0.4191710387373514,4
visual_qa_histograms/example_hists_larger/images/id_000189.png,45,-0.28943474397925956,-0.26542663013730466,-0.28223624705062106,-0.27896100018727077,3
visual_qa_histograms/example_hists_larger/images/id_000190.png,60,0.11963556591634959,0.13894755457948244,0.12595313707820893,0.12641422758682164,5
visual_qa_histograms/example_hists_larger/images/id_000191.png,10,-0.9502166623939193,-0.21403319026719633,-0.4839624609440791,-0.5178447185046721,3
visual_qa_histograms/example_hists_larger/images/id_000192.png,10,-0.2724104883135261,0.4799928874827353,-0.025472697064966167,0.0800053441233852,4
visual_qa_histograms/example_hists_larger/images/id_000193.png,45,-0.8242368565133174,0.4269359124851063,-0.11605739840168955,-0.12363565975125107,3
visual_qa_histograms/example_hists_larger/images/id_000194.png,10,-0.8034509802920379,-0.4706703420328706,-0.583420339574517,-0.612224343719491,5
visual_qa_histograms/example_hists_larger/images/id_000195.png,45,-0.7919715967322719,0.4153816235132095,-0.5264227506860746,-0.42447910373051223,5
visual_qa_histograms/example_hists_larger/images/id_000196.png,10,-0.6973844761338627,0.1261450885248156,-0.18155329405526377,-0.2673246042059593,4
visual_qa_histograms/example_hists_larger/images/id_000197.png,60,-0.6623883647775934,0.3517290863884894,0.033309833329712525,-0.040650091570887004,5
visual_qa_histograms/example_hists_larger/images/id_000198.png,60,0.34251337929643577,0.8567662453261969,0.6003867292107258,0.5715177444838165,5
visual_qa_histograms/example_hists_larger/images/id_000199.png,45,-0.4369359060706727,0.015022590856981495,-0.3510315089459858,-0.33699967690780946,1
visual_qa_histograms/example_hists_larger/images/id_000200.png,10,-0.5309803408302841,-0.07889560815998109,-0.33143644197991967,-0.3032502936818142,2
visual_qa_histograms/example_hists_larger/images/id_000201.png,45,-0.8724199329317595,0.8689294156378303,0.3346474642565991,0.08077251807383048,3
visual_qa_histograms/example_hists_larger/images/id_000202.png,20,0.07168801942293214,0.1770594669998808,0.1399518620566772,0.13599473919401392,3
visual_qa_histograms/example_hists_larger/images/id_000203.png,45,-0.37605745680305186,0.285513756751156,-0.19058537712306325,-0.1183274239412039,5
visual_qa_histograms/example_hists_larger/images/id_000204.png,20,0.31482158167105184,0.7381184371779609,0.6125002829128482,0.5665690710799837,5
visual_qa_histograms/example_hists_larger/images/id_000205.png,45,-0.9531057502161278,0.26854872329135093,-0.2172469782610611,-0.2520043563285451,3
visual_qa_histograms/example_hists_larger/images/id_000206.png,45,-0.9598956865984342,0.7228994175949894,0.3317598149212535,0.0575298392738778,3
visual_qa_histograms/example_hists_larger/images/id_000207.png,20,-0.522315873873787,-0.35003949252596933,-0.42146232150634455,-0.42901899215408773,5
visual_qa_histograms/example_hists_larger/images/id_000208.png,45,0.39370661133019336,0.9926770412830175,0.7032104262884894,0.6829254715030296,4
visual_qa_histograms/example_hists_larger/images/id_000209.png,45,-0.16012791722824027,0.3221463490352905,0.08804962890053211,0.10812331243541096,5
visual_qa_histograms/example_hists_larger/images/id_000210.png,10,-0.50624093419768,0.2895451940188864,0.10892478629691868,0.06644667698045977,2
visual_qa_histograms/example_hists_larger/images/id_000211.png,10,0.1551637693823555,0.17665889582644176,0.16674394319203867,0.1672540237274843,2
visual_qa_histograms/example_hists_larger/images/id_000212.png,60,0.19214586867353842,0.20714667793966438,0.20383493470625028,0.20349103317054473,1
visual_qa_histograms/example_hists_larger/images/id_000213.png,45,0.08222300585117646,0.8216427527968218,0.41031600809942614,0.44351753581242664,2
visual_qa_histograms/example_hists_larger/images/id_000214.png,45,-0.8396638928797024,-0.5915358051334506,-0.7648068011499417,-0.738303175187453,3
visual_qa_histograms/example_hists_larger/images/id_000215.png,10,-0.4151544454652417,0.21770434925065607,0.03506697580257075,0.01848606635317598,3
visual_qa_histograms/example_hists_larger/images/id_000216.png,20,-0.20216195740198428,0.15991829092168847,-0.08916674700579427,-0.05159457705565199,4
visual_qa_histograms/example_hists_larger/images/id_000217.png,20,-0.19252492548182626,0.9641562780331184,0.13012320024111154,0.1631485934522081,3
visual_qa_histograms/example_hists_larger/images/id_000218.png,45,-0.9968402618090141,-0.989675916148012,-0.9928076785446136,-0.9935774698626825,4
visual_qa_histograms/example_hists_larger/images/id_000219.png,45,-0.134624811824938,0.8414396528494894,0.22195330610225988,0.3635030632845979,4
visual_qa_histograms/example_hists_larger/images/id_000220.png,10,-0.8954600385092242,0.3804090786851124,-0.667945981615354,-0.48053427669532406,4
visual_qa_histograms/example_hists_larger/images/id_000221.png,20,-0.9090916938129382,0.3186589421072615,-0.24457186848218954,-0.35040402122652786,5
visual_qa_histograms/example_hists_larger/images/id_000222.png,60,-0.822997718396797,-0.34244718006255503,-0.44368204909617404,-0.48856482721879374,4
visual_qa_histograms/example_hists_larger/images/id_000223.png,20,-0.4455233391529918,0.45509641924104294,0.1553161645022526,0.203345649331449,3
visual_qa_histograms/example_hists_larger/images/id_000224.png,60,0.7394989791067231,0.9966936464371501,0.9265676400329462,0.9243689398464585,4
visual_qa_histograms/example_hists_larger/images/id_000225.png,20,0.6274372870438752,0.7428688875371534,0.6949697612145589,0.6951075902492806,2
visual_qa_histograms/example_hists_larger/images/id_000226.png,45,-0.9916863562192468,-0.10439650227324142,-0.5051918077967134,-0.5223301608222142,5
visual_qa_histograms/example_hists_larger/images/id_000227.png,60,-0.6163662280466934,0.6126426641503201,0.04949558909768177,0.04212800230314644,4
visual_qa_histograms/example_hists_larger/images/id_000228.png,45,0.6601688938321054,0.8544314804859543,0.7881055645534842,0.7811997116760248,1
visual_qa_histograms/example_hists_larger/images/id_000229.png,10,-0.9371721445982623,-0.3110880669058371,-0.47109716003290536,-0.4883742450144339,1
visual_qa_histograms/example_hists_larger/images/id_000230.png,10,-0.4469746939938703,-0.3648063894979285,-0.3976544119936508,-0.3989584558769845,1
visual_qa_histograms/example_hists_larger/images/id_000231.png,60,-0.7883168535547906,-0.30487427953522644,-0.6374804533389791,-0.5994489161193342,4
visual_qa_histograms/example_hists_larger/images/id_000232.png,10,-0.3083448662123509,0.5744461789136998,0.07192533513084004,0.08836843261735022,2
visual_qa_histograms/example_hists_larger/images/id_000233.png,45,-0.21394118478359644,0.2706692421694007,0.09296186575162088,0.07693443325463215,2
visual_qa_histograms/example_hists_larger/images/id_000234.png,45,-0.6306741425417803,-0.5231907314409704,-0.5860769805331012,-0.5875268557787201,2
visual_qa_histograms/example_hists_larger/images/id_000235.png,20,-0.8807198428349048,0.471588464062272,-0.46057230484559675,-0.3687294924846344,5
visual_qa_histograms/example_hists_larger/images/id_000236.png,45,-0.9639749227384382,0.044673995607909384,-0.3792259138696984,-0.38068998559262857,5
visual_qa_histograms/example_hists_larger/images/id_000237.png,60,-0.7473212559731088,-0.02890716099648745,-0.536481371796605,-0.4283221391008581,4
visual_qa_histograms/example_hists_larger/images/id_000238.png,20,0.09852347604978695,0.4032816335079134,0.32269071033543073,0.2934318865269711,4
visual_qa_histograms/example_hists_larger/images/id_000239.png,45,-0.7411550205821543,0.014778619899418904,-0.5654596859487173,-0.5376759299038443,4
visual_qa_histograms/example_hists_larger/images/id_000240.png,20,-0.820293030980942,-0.4577177865729384,-0.6618033041298101,-0.6312056786531447,3
visual_qa_histograms/example_hists_larger/images/id_000241.png,10,-0.9030351613382684,0.6411065464884352,-0.05243076663327803,-0.10182802387808644,3
visual_qa_histograms/example_hists_larger/images/id_000242.png,60,-0.4865023593048879,0.9797167840736318,0.6257203621183473,0.5139570991353334,4
visual_qa_histograms/example_hists_larger/images/id_000243.png,45,-0.37004726286432865,0.5871469508574013,0.009811888086533223,0.09496017586098002,4
visual_qa_histograms/example_hists_larger/images/id_000244.png,60,0.217359517701436,0.33592543236512395,0.29885120881346816,0.29189259385159727,3
visual_qa_histograms/example_hists_larger/images/id_000245.png,60,-0.21133220059498356,0.6797650993362067,0.18626677203854525,0.19413646000994927,5
visual_qa_histograms/example_hists_larger/images/id_000246.png,60,-0.8986339115320734,0.527731591464306,-0.2111530670636691,-0.23239149174766385,5
visual_qa_histograms/example_hists_larger/images/id_000247.png,45,-0.6935281762621845,0.7793097105307041,0.5679511824773485,0.5037320870881736,4
visual_qa_histograms/example_hists_larger/images/id_000248.png,45,-0.562831953191799,0.07236241543320848,-0.3949402173003926,-0.3323051837467911,5
visual_qa_histograms/example_hists_larger/images/id_000249.png,60,0.18683882982332695,0.5409830947134233,0.3074865427866341,0.3343837046652996,5
visual_qa_histograms/example_hists_larger/images/id_000250.png,60,-0.2633259061713692,0.12308992801076514,-0.1529621592239751,-0.14821128041840256,1
visual_qa_histograms/example_hists_larger/images/id_000251.png,45,-0.4835517362975079,0.9687441016728382,0.09090120070894693,0.113429164064091,2
visual_qa_histograms/example_hists_larger/images/id_000252.png,10,-0.6427792935956882,-0.10448303695669636,-0.4183745780365338,-0.38618951587961586,3
visual_qa_histograms/example_hists_larger/images/id_000253.png,10,-0.21292054223384194,-0.005946878301816409,-0.18314940875458766,-0.15082614257505658,3
visual_qa_histograms/example_hists_larger/images/id_000254.png,10,-0.7907715517229681,0.42255006465105077,0.081699732859762,-0.07760572822368766,3
visual_qa_histograms/example_hists_larger/images/id_000255.png,45,-0.30725014231423975,0.7504559780378321,0.47994472276711,0.3899072000368947,3
visual_qa_histograms/example_hists_larger/images/id_000256.png,60,-0.7194332552493793,0.275675294637462,-0.5023445982399931,-0.3270727761546883,3
visual_qa_histograms/example_hists_larger/images/id_000257.png,10,-0.38675644314786395,0.3791456895429596,0.005207344464648835,-0.025233542852215036,5
visual_qa_histograms/example_hists_larger/images/id_000258.png,45,-0.8193043606815794,0.9313143720311418,-0.4413124686607911,-0.295726088483051,4
visual_qa_histograms/example_hists_larger/images/id_000259.png,60,-0.3398751077919674,0.15046193111712441,-0.09152205272035509,-0.09013187113116987,1
visual_qa_histograms/example_hists_larger/images/id_000260.png,10,-0.8153810001878647,0.5555651587520366,-0.0307836123574479,-0.05924805528053225,1
visual_qa_histograms/example_hists_larger/images/id_000261.png,20,-0.1227581031683999,0.11144952726531569,0.058317355263652074,0.035773072210640446,3
visual_qa_histograms/example_hists_larger/images/id_000262.png,20,-0.6847006945614879,-0.6442185329460297,-0.6792940315226298,-0.6736477348412417,3
visual_qa_histograms/example_hists_larger/images/id_000263.png,20,0.546850963296365,0.6079489196948412,0.5649466152433958,0.5679076166386018,2
visual_qa_histograms/example_hists_larger/images/id_000264.png,10,-0.4886935119207226,-0.4639731175626672,-0.47741853221436853,-0.4763777984650573,4
visual_qa_histograms/example_hists_larger/images/id_000265.png,10,0.3926387743577389,0.8525163001699422,0.6002811862414508,0.5888160372904414,3
visual_qa_histograms/example_hists_larger/images/id_000266.png,60,-0.5403270502363113,0.8272855017212766,0.39438695858733064,0.3328627971698186,2
visual_qa_histograms/example_hists_larger/images/id_000267.png,10,-0.9079030966578543,0.3173981436095803,-0.1755800123405189,-0.14671904973990973,5
visual_qa_histograms/example_hists_larger/images/id_000268.png,45,0.44065902569353343,0.4538888407687293,0.4486523656589939,0.44846060005444516,2
visual_qa_histograms/example_hists_larger/images/id_000269.png,60,-0.8645717027896027,0.6075106441148,-0.5237793453336912,-0.4572542999050226,2
visual_qa_histograms/example_hists_larger/images/id_000270.png,10,-0.8453125674927683,-0.6341197451815557,-0.741781191653074,-0.7413646563691839,2
visual_qa_histograms/example_hists_larger/images/id_000271.png,45,-0.15819660579254052,0.9109702233196872,0.43544872564771686,0.4553135284009981,5
visual_qa_histograms/example_hists_larger/images/id_000272.png,20,-0.7265852895505962,0.922528966173289,0.029088983561241434,0.045067658169633276,2
visual_qa_histograms/example_hists_larger/images/id_000273.png,20,0.45685890048572886,0.6321434226849496,0.5752274897894647,0.573312879663301,1
visual_qa_histograms/example_hists_larger/images/id_000274.png,20,-0.8850514544242183,0.8007172291278264,0.03968317195388238,-0.10974973428231063,4
visual_qa_histograms/example_hists_larger/images/id_000275.png,20,-0.4359202371311617,0.03496076951846998,-0.18695479827699452,-0.18628523043353698,1
visual_qa_histograms/example_hists_larger/images/id_000276.png,20,-0.9808328552917084,-0.7745623433764383,-0.923962072764226,-0.9092273567129265,2
visual_qa_histograms/example_hists_larger/images/id_000277.png,45,-0.94072318318823,-0.0975590386853144,-0.5039851305275485,-0.5020171523371656,1
visual_qa_histograms/example_hists_larger/images/id_000278.png,10,-0.1377884989480962,0.3528362404897444,0.1812382511203418,0.11870033534092318,2
visual_qa_histograms/example_hists_larger/images/id_000279.png,45,-0.3359765709173843,-0.3206870907422019,-0.32800667896779756,-0.32800620080966925,1
visual_qa_histograms/example_hists_larger/images/id_000280.png,20,-0.1797268264375646,-0.041104913725429515,-0.10488079147797082,-0.105041600239505,1
visual_qa_histograms/example_hists_larger/images/id_000281.png,60,-0.4788298745032829,0.21310957502739777,-0.2155981484282808,-0.21193760648160412,1
visual_qa_histograms/example_hists_larger/images/id_000282.png,45,0.34479831365686303,0.8311833687516084,0.4591737281697179,0.5326578875154259,5
visual_qa_histograms/example_hists_larger/images/id_000283.png,20,0.2290147739073414,0.27028448254425713,0.23819693193885874,0.24609859613062188,4
visual_qa_histograms/example_hists_larger/images/id_000284.png,10,0.10542983467203662,0.8589522679955469,0.4222106409939211,0.45827490407170957,3
visual_qa_histograms/example_hists_larger/images/id_000285.png,20,-0.748527560130737,0.16564197369211478,-0.5586706891419142,-0.48403518027328907,4
visual_qa_histograms/example_hists_larger/images/id_000286.png,20,-0.6382858873419479,0.872075356338107,-0.33900017599957444,-0.24498575918845533,4
visual_qa_histograms/example_hists_larger/images/id_000287.png,20,-0.19659879744414943,0.30214826919347415,0.13816940377203066,0.10288443623421027,3
visual_qa_histograms/example_hists_larger/images/id_000288.png,45,0.6762132032763447,0.6803483893649965,0.6780023374570877,0.6780596238051305,1
visual_qa_histograms/example_hists_larger/images/id_000289.png,60,0.029756474944968307,0.10983593762214745,0.06728642915335978,0.06736276029409953,1
visual_qa_histograms/example_hists_larger/images/id_000290.png,10,0.1589166941373111,0.5438926145729189,0.30114324629538886,0.31534704110796313,2
visual_qa_histograms/example_hists_larger/images/id_000291.png,10,-0.10941993554056693,0.37681376090080965,0.14665355310848444,0.17855717419885395,5
visual_qa_histograms/example_hists_larger/images/id_000292.png,60,-0.6835060639638888,-0.008555020197821575,-0.5021300330387443,-0.3882115936796052,4
visual_qa_histograms/example_hists_larger/images/id_000293.png,20,-0.738112108223701,0.19418722649505435,-0.2919224785266715,-0.29067333927045363,2
visual_qa_histograms/example_hists_larger/images/id_000294.png,45,0.04371421227408462,0.6046303853143681,0.3347434949024437,0.351387096296501,3
visual_qa_histograms/example_hists_larger/images/id_000295.png,20,0.5365304938122628,0.8111812365487306,0.7821622034619978,0.7540221397661553,2
visual_qa_histograms/example_hists_larger/images/id_000296.png,60,-0.06353649357855959,0.32039445905415825,0.10627825753397632,0.10855947792797599,4
visual_qa_histograms/example_hists_larger/images/id_000297.png,10,0.796567189845824,0.8234331296767429,0.8117401281729854,0.8121089146645943,5
visual_qa_histograms/example_hists_larger/images/id_000298.png,20,0.12784163761139186,0.6811336090566031,0.5170080905783364,0.4779515473932046,4
visual_qa_histograms/example_hists_larger/images/id_000299.png,10,-0.16875088657130385,0.6291070312150576,0.016343611326273714,0.1347241134689902,5
visual_qa_histograms/example_hists_larger/images/id_000300.png,10,0.1857212238486124,0.8449786488973652,0.5186571491319447,0.5150638933675571,3
visual_qa_histograms/example_hists_larger/images/id_000301.png,10,-0.9559807945506468,-0.4415794536021015,-0.5697634408363697,-0.6378205564650304,4
visual_qa_histograms/example_hists_larger/images/id_000302.png,20,0.3953714242068132,0.4259602961933789,0.411072158044653,0.4111066131024276,1
visual_qa_histograms/example_hists_larger/images/id_000303.png,60,-0.634847995545665,0.30032359333800185,-0.07427194404106872,-0.057223890067111885,4
visual_qa_histograms/example_hists_larger/images/id_000304.png,45,-0.09715990661017582,-0.07747607326347317,-0.08715269363052802,-0.08593536365418704,3
visual_qa_histograms/example_hists_larger/images/id_000305.png,60,-0.6226923056615472,-0.12308525475938252,-0.4597851983053048,-0.46514113442885974,3
visual_qa_histograms/example_hists_larger/images/id_000306.png,60,-0.07473011046355339,-0.010974633931346784,-0.055825858886888055,-0.040694799934712214,2
visual_qa_histograms/example_hists_larger/images/id_000307.png,20,-0.9124188296207133,0.29077441706321305,-0.45827944520260944,-0.4537080980249037,4
visual_qa_histograms/example_hists_larger/images/id_000308.png,45,0.6860553724647088,0.7041326254829954,0.6913573867827509,0.6928255674100001,2
visual_qa_histograms/example_hists_larger/images/id_000309.png,60,-0.7230584755107478,-0.00987163711158888,-0.2805200261090342,-0.3068788895252267,1
visual_qa_histograms/example_hists_larger/images/id_000310.png,60,-0.22072258204057682,0.10368798197130791,-0.035985437437101725,-0.06005237239206205,5
visual_qa_histograms/example_hists_larger/images/id_000311.png,45,-0.6782363343255742,0.32962931682775387,-0.3730942406843466,-0.2702386381849673,4
visual_qa_histograms/example_hists_larger/images/id_000312.png,20,-0.5842589413843732,0.18494461954850458,-0.09930200161004724,-0.13928838278908334,3
visual_qa_histograms/example_hists_larger/images/id_000313.png,45,0.17216236984320096,0.2643801435193777,0.20622462038065403,0.20844252148272102,3
visual_qa_histograms/example_hists_larger/images/id_000314.png,60,0.0433633265961141,0.9370593378783285,0.7078292988977424,0.6848053587601473,5
visual_qa_histograms/example_hists_larger/images/id_000315.png,60,0.4374711632836278,0.48235708624325585,0.46478278025139247,0.4606251480902822,2
visual_qa_histograms/example_hists_larger/images/id_000316.png,20,-0.7570783213599039,0.13039452989268224,-0.403320754189048,-0.3813675265847451,2
visual_qa_histograms/example_hists_larger/images/id_000317.png,10,-0.675463399790312,-0.29365344924166237,-0.32641809774059544,-0.365222757291159,2
visual_qa_histograms/example_hists_larger/images/id_000318.png,10,-0.18058381643630836,0.16660555063478835,0.01401757487417065,0.00839479522755153,1
visual_qa_histograms/example_hists_larger/images/id_000319.png,10,-0.15732991982082528,0.07453668517131116,0.002465031303424386,-0.009892306258178928,4
visual_qa_histograms/example_hists_larger/images/id_000320.png,10,-0.170626902237887,0.18095516354819677,0.11792941466592927,0.09126295985989415,2
visual_qa_histograms/example_hists_larger/images/id_000321.png,10,-0.516766710536982,0.6692412348920629,-0.03544334577287923,0.011350301235908456,5
visual_qa_histograms/example_hists_larger/images/id_000322.png,45,-0.12544129767946152,0.8486434337272953,0.5202861391425454,0.46938968136123055,4
visual_qa_histograms/example_hists_larger/images/id_000323.png,10,-0.8279012454718548,0.24450768177144672,-0.4371981052364224,-0.39228714713975926,5
visual_qa_histograms/example_hists_larger/images/id_000324.png,10,-0.22011919329315327,0.3795177156023624,0.18886813251615053,0.17144759038527327,5
visual_qa_histograms/example_hists_larger/images/id_000325.png,45,0.3721360840481243,0.9735148355149813,0.5495019135678072,0.6526956960177948,4
visual_qa_histograms/example_hists_larger/images/id_000326.png,20,-0.09892240566955196,0.9210746329236041,0.4573731031814462,0.3805203505813261,5
visual_qa_histograms/example_hists_larger/images/id_000327.png,60,0.013499140553168792,0.6064492149618737,0.2931274041803359,0.27485806676990143,5
visual_qa_histograms/example_hists_larger/images/id_000328.png,60,0.14923215398046905,0.33139040862635344,0.24176958638344456,0.24198926629651596,1
visual_qa_histograms/example_hists_larger/images/id_000329.png,60,0.42950956979577715,0.8689944586544809,0.5712634621131376,0.5844725548789527,2
visual_qa_histograms/example_hists_larger/images/id_000330.png,45,0.7132294836716757,0.8691428394945453,0.7740180567658586,0.78257905338239,4
visual_qa_histograms/example_hists_larger/images/id_000331.png,60,-0.3672606896673532,0.606327115686672,-0.04523342852110162,-0.009745541585619105,1
visual_qa_histograms/example_hists_larger/images/id_000332.png,60,-0.7008168227056384,0.5842182911931244,-0.07763885062452126,-0.03487897333506015,5
visual_qa_histograms/example_hists_larger/images/id_000333.png,10,-0.9139329313725735,-0.31657897423915654,-0.6284445333307633,-0.6281361310406561,1
visual_qa_histograms/example_hists_larger/images/id_000334.png,45,-0.036354341565245266,0.4328577397543362,0.24139739525070872,0.189149983214866,4
visual_qa_histograms/example_hists_larger/images/id_000335.png,20,-0.6335563133771168,0.9933338274768514,-0.24258677840693044,-0.1628082995544824,3
visual_qa_histograms/example_hists_larger/images/id_000336.png,60,-0.39475767004275975,0.03027416040710256,-0.14097408199576875,-0.16063516790969626,5
visual_qa_histograms/example_hists_larger/images/id_000337.png,10,-0.374994269904105,0.602044833942199,0.13542123743364173,0.10254803227145688,2
visual_qa_histograms/example_hists_larger/images/id_000338.png,45,-0.4320232708015402,0.24514521558243932,0.07513203672611722,0.014375542518835915,5
visual_qa_histograms/example_hists_larger/images/id_000339.png,10,-0.4020268223331934,0.21275524389070788,-0.2541128473611825,-0.22674644627874652,2
visual_qa_histograms/example_hists_larger/images/id_000340.png,60,-0.25927281295051474,0.8034660360797586,0.15338417445698788,0.147966697603347,3
visual_qa_histograms/example_hists_larger/images/id_000341.png,20,0.017691952651987804,0.5865752495107417,0.22580463887697008,0.2553365648948207,5
visual_qa_histograms/example_hists_larger/images/id_000342.png,45,-0.9724686033273676,-0.6579740312905764,-0.8151448056588988,-0.7937710218265809,5
visual_qa_histograms/example_hists_larger/images/id_000343.png,45,0.19305412421051188,0.3550144891779853,0.2674363347306406,0.2675987902657841,1
visual_qa_histograms/example_hists_larger/images/id_000344.png,45,0.6472285484663358,0.8604992850255148,0.7094795386880384,0.7133810630710846,1
visual_qa_histograms/example_hists_larger/images/id_000345.png,20,-0.25045253682684754,-0.12868784808659192,-0.1705936366193424,-0.17104759763688343,2
visual_qa_histograms/example_hists_larger/images/id_000346.png,20,0.1381538954923381,0.230705875348048,0.2104247287225165,0.20403700985915085,4
visual_qa_histograms/example_hists_larger/images/id_000347.png,20,-0.313039099052969,0.9467904974844686,0.47224534688378206,0.44750485519276084,2
visual_qa_histograms/example_hists_larger/images/id_000348.png,60,-0.06906155126057825,0.09893170362175951,0.06342699155053481,0.047193418159348355,2
visual_qa_histograms/example_hists_larger/images/id_000349.png,10,-0.12929510064081845,0.973415021748429,0.21834830278991108,0.24865375399806933,1
visual_qa_histograms/example_hists_larger/images/id_000350.png,10,-0.25642579380053593,0.14393570095209712,-0.0556536800156852,-0.055178178063266435,1
visual_qa_histograms/example_hists_larger/images/id_000351.png,20,0.03877647281876385,0.30582296803693254,0.16358020023155462,0.16762026568440647,3
visual_qa_histograms/example_hists_larger/images/id_000352.png,20,-0.52660642548882,0.1753554841496554,-0.18121809785637405,-0.13671109891284425,4
visual_qa_histograms/example_hists_larger/images/id_000353.png,20,0.525656419010204,0.8251083332031823,0.631971211181588,0.6410939933113152,1
visual_qa_histograms/example_hists_larger/images/id_000354.png,10,-0.552275337931916,-0.32557399674354814,-0.4951858234293657,-0.47553012605952194,4
visual_qa_histograms/example_hists_larger/images/id_000355.png,20,-0.48359742084179735,-0.3468963668217871,-0.41387848141683464,-0.4184769782693253,4
visual_qa_histograms/example_hists_larger/images/id_000356.png,60,0.18581218615564798,0.2772059737671096,0.2539606753689645,0.2520061683546057,1
visual_qa_histograms/example_hists_larger/images/id_000357.png,20,-0.7052021672799821,0.04597112459732391,-0.3504517985075517,-0.3479254226191548,4
visual_qa_histograms/example_hists_larger/images/id_000358.png,45,-0.19337753530574406,0.5856743864964512,0.06950743413179676,0.09035530805980369,1
visual_qa_histograms/example_hists_larger/images/id_000359.png,20,-0.40398281461016905,-0.10921902428524961,-0.25004002519961405,-0.2515496217285477,1
visual_qa_histograms/example_hists_larger/images/id_000360.png,20,0.05872768280854817,0.7656899241629993,0.2904838430978287,0.3314787930709907,5
visual_qa_histograms/example_hists_larger/images/id_000361.png,20,0.12577801312640852,0.8769771565042886,0.39112433195501584,0.4706336690271329,4
visual_qa_histograms/example_hists_larger/images/id_000362.png,10,-0.3993199484434283,0.6687783426305106,-0.06951882015315106,0.007225906912634443,5
visual_qa_histograms/example_hists_larger/images/id_000363.png,60,-0.2013236860315341,-0.1808025698264769,-0.18620006324422714,-0.18602682253748223,5
visual_qa_histograms/example_hists_larger/images/id_000364.png,60,-0.4014898856537592,-0.16376835743871276,-0.2704665924378654,-0.29189712670303286,2
visual_qa_histograms/example_hists_larger/images/id_000365.png,60,-0.6970538808089162,0.9033549152322222,0.4351543187954261,0.3104333860859063,2
visual_qa_histograms/example_hists_larger/images/id_000366.png,20,-0.25968444645948197,-0.12698891543599647,-0.1921358205552891,-0.19200855438660228,1
visual_qa_histograms/example_hists_larger/images/id_000367.png,60,-0.07090477889017979,0.2155486593424449,0.1057598991284811,0.08077317599337769,4
visual_qa_histograms/example_hists_larger/images/id_000368.png,45,0.48954121485717533,0.6390826320397325,0.5361915139520136,0.5447620025992211,3
visual_qa_histograms/example_hists_larger/images/id_000369.png,10,-0.5938052957060055,0.3328823641494471,-0.1946226331887214,-0.17693842743732585,3
visual_qa_histograms/example_hists_larger/images/id_000370.png,45,-0.05495498080413882,0.27178838424248203,0.10925965160849264,0.10323575687272249,3
visual_qa_histograms/example_hists_larger/images/id_000371.png,10,-0.5992297260948278,0.44591012597503,-0.08373900255358921,-0.0829868499855452,1
visual_qa_histograms/example_hists_larger/images/id_000372.png,10,-0.14416328824987268,0.22221917927644147,-0.03581889510667457,-0.02459404540491334,4
visual_qa_histograms/example_hists_larger/images/id_000373.png,10,0.526195789335637,0.8520715992752947,0.7496330001540168,0.7568636172648512,4
visual_qa_histograms/example_hists_larger/images/id_000374.png,45,-0.6230943444950303,0.7289075656533757,-0.1771857465956926,-0.12133676482318552,2
visual_qa_histograms/example_hists_larger/images/id_000375.png,60,-0.844086315167866,0.06759001348617885,-0.22213257294708524,-0.31327185225759235,4
visual_qa_histograms/example_hists_larger/images/id_000376.png,20,0.6226743029207334,0.7801707102753775,0.7304283107676014,0.7301165422677001,5
visual_qa_histograms/example_hists_larger/images/id_000377.png,60,-0.6675729923897897,0.7901939614680333,0.0168657805168589,0.025069276112256057,2
visual_qa_histograms/example_hists_larger/images/id_000378.png,20,0.5062802943474444,0.9138512277330414,0.7525035523349214,0.7528272016294277,1
visual_qa_histograms/example_hists_larger/images/id_000379.png,60,-0.43370262306676594,0.28947550005035805,0.08408740559237399,0.0772315697785576,3
visual_qa_histograms/example_hists_larger/images/id_000380.png,45,0.10040374093944246,0.5708171654521157,0.4804181594012857,0.46736547473283124,1
visual_qa_histograms/example_hists_larger/images/id_000381.png,45,-0.7563913800319744,0.7097459686799457,-0.0638146996198089,-0.0773352933457204,5
visual_qa_histograms/example_hists_larger/images/id_000382.png,10,-0.4774103287087684,0.46760194800282967,0.039959661115891845,0.016732998941951776,5
visual_qa_histograms/example_hists_larger/images/id_000383.png,10,0.05303777535627184,0.531633646615205,0.2673202183022416,0.2710619819860959,4
visual_qa_histograms/example_hists_larger/images/id_000384.png,20,-0.3817188401708031,0.27458222144437144,-0.2820001021823767,-0.08157195630719982,2
visual_qa_histograms/example_hists_larger/images/id_000385.png,60,0.013618672268848164,0.6756762529103482,0.38899856664411114,0.3731156903062582,3
visual_qa_histograms/example_hists_larger/images/id_000386.png,45,-0.7967391534242706,-0.7550419975296172,-0.7744631797322379,-0.7745124821761179,1
visual_qa_histograms/example_hists_larger/images/id_000387.png,60,-0.024663468469674082,0.9002442088073107,0.40190367204082145,0.37391507978895805,2
visual_qa_histograms/example_hists_larger/images/id_000388.png,20,-0.8979658933639316,0.9174791772216674,-0.011769566460655988,-0.00017115272127957295,2
visual_qa_histograms/example_hists_larger/images/id_000389.png,20,-0.3442036200911161,0.3508311281645766,-0.2640698301472224,-0.22795265860659591,3
visual_qa_histograms/example_hists_larger/images/id_000390.png,20,0.6925920620248864,0.7140078115454108,0.6956239598158762,0.7018561058942779,2
visual_qa_histograms/example_hists_larger/images/id_000391.png,60,-0.9162492886480311,-0.6690380301389038,-0.8438222264610393,-0.8328795905596332,3
visual_qa_histograms/example_hists_larger/images/id_000392.png,20,-0.5475998996634822,0.4932883953166066,0.26686631188228405,0.12708471844855027,2
visual_qa_histograms/example_hists_larger/images/id_000393.png,20,-0.720451613459564,-0.5293491769942168,-0.587858031325231,-0.6242122471790923,3
visual_qa_histograms/example_hists_larger/images/id_000394.png,20,-0.8362640258434252,-0.3537454796431134,-0.651525649986485,-0.6236534286347751,4
visual_qa_histograms/example_hists_larger/images/id_000395.png,45,-0.5869165911358093,-0.527247096763235,-0.5594335965270683,-0.5517408807161409,2
visual_qa_histograms/example_hists_larger/images/id_000396.png,10,-0.66713748942958,-0.22488300936944694,-0.3980802643048405,-0.4358942556152111,4
visual_qa_histograms/example_hists_larger/images/id_000397.png,20,-0.0881786282690938,0.3787361736680172,0.13437771735054546,0.14792836710953386,4
visual_qa_histograms/example_hists_larger/images/id_000398.png,45,-0.6538542262487499,0.3250822036267271,0.002232199373677607,-0.01123206052633798,5
visual_qa_histograms/example_hists_larger/images/id_000399.png,45,-0.2591038814088011,0.38735398040865543,0.0798250117531469,0.14100754189766201,3
visual_qa_histograms/example_hists_larger/images/id_000400.png,10,0.23362081512062982,0.439472622406604,0.3982381525943962,0.3921008843578499,1
visual_qa_histograms/example_hists_larger/images/id_000401.png,10,0.004210452260912328,0.31899838689327675,0.1525363911984784,0.1747878128924999,3
visual_qa_histograms/example_hists_larger/images/id_000402.png,20,0.3857232996159927,0.8871723424357466,0.5025623551372677,0.5318035363503972,5
visual_qa_histograms/example_hists_larger/images/id_000403.png,60,-0.913597242188897,-0.4869546031613137,-0.6573000925513679,-0.6704898501059477,1
visual_qa_histograms/example_hists_larger/images/id_000404.png,10,0.10890208202350476,0.13943937578896187,0.1348829334263947,0.1325270888850159,2
visual_qa_histograms/example_hists_larger/images/id_000405.png,20,-0.5436139264516686,-0.36016463486710765,-0.4771179596763858,-0.4559048662394832,4
visual_qa_histograms/example_hists_larger/images/id_000406.png,10,0.2746726422904183,0.7944867335268894,0.5871542234142413,0.6007660678113165,4
visual_qa_histograms/example_hists_larger/images/id_000407.png,60,-0.2536092724819249,0.6708531956058521,0.07995564652670185,0.14361369043481104,5
visual_qa_histograms/example_hists_larger/images/id_000408.png,20,-0.8186794014276005,0.6767056807405539,0.0657366630118742,0.09589273669166261,2
visual_qa_histograms/example_hists_larger/images/id_000409.png,45,0.5611047313059015,0.9720797793541319,0.6451220133740406,0.6819738288211767,4
visual_qa_histograms/example_hists_larger/images/id_000410.png,10,-0.17463953586469885,0.5356603973630487,0.05893846433014944,0.14822926272257506,4
visual_qa_histograms/example_hists_larger/images/id_000411.png,10,-0.3129848177380797,-0.21904623240119447,-0.291970976639576,-0.28903166428209914,1
visual_qa_histograms/example_hists_larger/images/id_000412.png,10,-0.6905832630799315,-0.6652344975336668,-0.6815626604543925,-0.6814469254586707,1
visual_qa_histograms/example_hists_larger/images/id_000413.png,20,-0.38823425753772106,0.06648818813037043,-0.12718177052830673,-0.13484679106091044,3
visual_qa_histograms/example_hists_larger/images/id_000414.png,45,-0.9952570292610188,0.274046747298898,-0.4259505134544187,-0.3776452799172781,3
visual_qa_histograms/example_hists_larger/images/id_000415.png,20,-0.11943441485563219,0.6971265556689871,0.11164221533039909,0.17027523412346393,5
visual_qa_histograms/example_hists_larger/images/id_000416.png,45,-0.9648682775370896,0.8399012372312029,0.3497896888033617,0.23544754176758198,5
visual_qa_histograms/example_hists_larger/images/id_000417.png,60,0.17309340388303718,0.6229016905982265,0.38089966750055104,0.38123954369885293,1
visual_qa_histograms/example_hists_larger/images/id_000418.png,20,-0.6358192908889112,0.0962456268999236,-0.32917040006401366,-0.3128080301069438,1
visual_qa_histograms/example_hists_larger/images/id_000419.png,10,-0.8258051129891564,-0.3969140905427766,-0.7177812648467728,-0.7042317457661024,2
visual_qa_histograms/example_hists_larger/images/id_000420.png,60,-0.18061808152243702,0.544421245779996,0.15131568868208728,0.14857278277201424,5
visual_qa_histograms/example_hists_larger/images/id_000421.png,60,-0.541484670516652,0.35351062699905483,-0.4147290406939233,-0.3412316585879947,3
visual_qa_histograms/example_hists_larger/images/id_000422.png,60,0.36428730745717725,0.6947177206273273,0.43220655485576953,0.4431227207407611,1
visual_qa_histograms/example_hists_larger/images/id_000423.png,10,-0.5663701451093933,-0.4985871438502749,-0.5418390299494534,-0.5415480300408145,2
visual_qa_histograms/example_hists_larger/images/id_000424.png,20,-0.585462228802283,0.11002135954836781,-0.3712790711807058,-0.33652719959701377,5
visual_qa_histograms/example_hists_larger/images/id_000425.png,20,0.09540050704220633,0.5972770996593622,0.5059482064583549,0.49411066469529374,1
visual_qa_histograms/example_hists_larger/images/id_000426.png,60,0.318850248504727,0.41844073094663936,0.36078704988538723,0.3667802470641957,3
visual_qa_histograms/example_hists_larger/images/id_000427.png,20,-0.6446595462583486,-0.4865977898807054,-0.5576452351569547,-0.5700010030956351,2
visual_qa_histograms/example_hists_larger/images/id_000428.png,10,-0.05063670950292769,0.959315897763284,0.18091550055873046,0.24983204649064378,5
visual_qa_histograms/example_hists_larger/images/id_000429.png,45,-0.3723984195708472,0.07285049359354359,-0.18414712104495565,-0.17307060606734434,2
visual_qa_histograms/example_hists_larger/images/id_000430.png,45,-0.5957162005747902,0.8705874967323339,0.3332483107074286,0.2996439736347851,5
visual_qa_histograms/example_hists_larger/images/id_000431.png,20,-0.288154096097003,-0.09043279608095568,-0.18614831742678842,-0.18617215204092302,1
visual_qa_histograms/example_hists_larger/images/id_000432.png,60,-0.47820538098076754,-0.46260804349634793,-0.4722336267493749,-0.47080082162605696,5
visual_qa_histograms/example_hists_larger/images/id_000433.png,20,-0.7686234832459077,0.8382656082280913,-0.04134045210745945,-0.01906711376372851,1
visual_qa_histograms/example_hists_larger/images/id_000434.png,45,-0.7135867439646529,-0.04391534259024808,-0.5263322555409656,-0.522932857920841,5
visual_qa_histograms/example_hists_larger/images/id_000435.png,20,-0.24454624829146956,0.13677427530327657,0.06276173550607014,-0.013621693040403622,2
visual_qa_histograms/example_hists_larger/images/id_000436.png,45,-0.37581917987760005,0.4327644330362354,-0.1789085685157868,-0.1482980553728285,1
visual_qa_histograms/example_hists_larger/images/id_000437.png,60,-0.8512789761793127,-0.7946024454074184,-0.8233555266045214,-0.8233791738957014,1
visual_qa_histograms/example_hists_larger/images/id_000438.png,20,-0.1259415366213138,0.2307509927350117,-0.024374891592586337,-0.0009553557147142951,3
visual_qa_histograms/example_hists_larger/images/id_000439.png,60,0.7124704355023161,0.778950555585495,0.732120735069202,0.735749059330014,2
visual_qa_histograms/example_hists_larger/images/id_000440.png,60,-0.16991374503035578,0.7957492382464054,0.4651763806990765,0.3386032238239978,4
visual_qa_histograms/example_hists_larger/images/id_000441.png,10,-0.8916696654043381,-0.7771291851412119,-0.8503663757387642,-0.8498867913428803,1
visual_qa_histograms/example_hists_larger/images/id_000442.png,20,-0.6571756601628723,-0.4986211284250434,-0.6191310597995394,-0.6123931768747143,4
visual_qa_histograms/example_hists_larger/images/id_000443.png,10,0.559589505547851,0.7020987695332739,0.6069411246053992,0.613988482947116,2
visual_qa_histograms/example_hists_larger/images/id_000444.png,45,-0.45560007814891906,0.5905834675417274,-0.10259611727006782,-0.06864444353105364,5
visual_qa_histograms/example_hists_larger/images/id_000445.png,60,0.0798039647263437,0.8638486563803441,0.4028812406501003,0.4102856225066383,4
visual_qa_histograms/example_hists_larger/images/id_000446.png,20,-0.7449546610421085,0.15994112758086798,-0.27357133725228067,-0.31851531289714763,5
visual_qa_histograms/example_hists_larger/images/id_000447.png,45,0.2571102907600033,0.56586292731363,0.5073454254431343,0.4842809423233433,2
visual_qa_histograms/example_hists_larger/images/id_000448.png,10,0.5532112052536443,0.9959864679976388,0.8489669848453163,0.8320429532800786,3
visual_qa_histograms/example_hists_larger/images/id_000449.png,45,0.025158785771897813,0.2198313138664137,0.08875703621254752,0.09011595438669229,1
visual_qa_histograms/example_hists_larger/images/id_000450.png,20,-0.3888715034528597,0.24002639694439803,-0.169343399992501,-0.14823739823328666,2
visual_qa_histograms/example_hists_larger/images/id_000451.png,10,-0.8331769135669997,-0.759061879889735,-0.7989361699131612,-0.7989946241433565,1
visual_qa_histograms/example_hists_larger/images/id_000452.png,20,0.21252667959580185,0.26167386961784717,0.2333040922792866,0.23323035024920932,1
visual_qa_histograms/example_hists_larger/images/id_000453.png,45,-0.9500446802001902,-0.31454454996430425,-0.7020397393587152,-0.7401389874829991,3
visual_qa_histograms/example_hists_larger/images/id_000454.png,60,-0.7189736514087433,-0.5365849083275296,-0.5813675023285902,-0.5914261120749978,3
visual_qa_histograms/example_hists_larger/images/id_000455.png,60,-0.2847730516401051,0.23976329646063654,0.12105566764204531,0.10449680783309248,3
visual_qa_histograms/example_hists_larger/images/id_000456.png,60,-0.8011257576664226,-0.2233922073219307,-0.3882987782307062,-0.39481084737520483,3
visual_qa_histograms/example_hists_larger/images/id_000457.png,45,-0.7204317210131123,-0.568963245807536,-0.6404641580095577,-0.6542838733453948,4
visual_qa_histograms/example_hists_larger/images/id_000458.png,45,-0.40785079957549614,-0.14242757991541793,-0.29915465767340776,-0.29872425220761123,1
visual_qa_histograms/example_hists_larger/images/id_000459.png,10,-0.44161370822196533,0.5046381273478887,-0.18874555752345057,-0.13762709737568285,2
visual_qa_histograms/example_hists_larger/images/id_000460.png,60,-0.5443200176649876,-0.31716720887277683,-0.43452238316079667,-0.434554029254794,1
visual_qa_histograms/example_hists_larger/images/id_000461.png,10,0.43575967411872485,0.981005255518989,0.5587750458275064,0.6314912181434913,2
visual_qa_histograms/example_hists_larger/images/id_000462.png,10,-0.5503936577995447,0.9037187497166387,0.01210926956723985,0.05652532183962275,5
visual_qa_histograms/example_hists_larger/images/id_000463.png,10,0.18556906842697285,0.7222498741778096,0.6042563811526963,0.5055535322545766,5
visual_qa_histograms/example_hists_larger/images/id_000464.png,60,-0.48689407517542677,-0.41472715343490035,-0.448210098121235,-0.44734276247603555,3
visual_qa_histograms/example_hists_larger/images/id_000465.png,10,-0.856015085630105,0.09440183291614927,-0.043387739268729346,-0.1721435707012995,3
visual_qa_histograms/example_hists_larger/images/id_000466.png,60,-0.015045514334070987,0.7372451478934149,0.4191929290490118,0.379245868623498,4
visual_qa_histograms/example_hists_larger/images/id_000467.png,10,-0.9190321967163558,-0.39766051775343575,-0.6825112230811471,-0.6954993330341492,4
visual_qa_histograms/example_hists_larger/images/id_000468.png,45,0.07870506309832065,0.11495210373470657,0.0926468013911621,0.09506879838712927,3
visual_qa_histograms/example_hists_larger/images/id_000469.png,20,0.11204321193027364,0.7071873705405647,0.4676229019972683,0.46635225374624634,1
visual_qa_histograms/example_hists_larger/images/id_000470.png,60,-0.6367942829034873,-0.3228124738233054,-0.41990720744117815,-0.4332171875828825,4
visual_qa_histograms/example_hists_larger/images/id_000471.png,45,-0.8040692579255355,0.8152519285559371,0.31646083335386,0.25951690630446805,3
visual_qa_histograms/example_hists_larger/images/id_000472.png,45,-0.5106110335311832,0.6206910237774914,0.39740469282032387,0.24012480512715295,4
visual_qa_histograms/example_hists_larger/images/id_000473.png,60,-0.37744363853410634,0.03738940526608221,-0.06760062593380495,-0.12375837217582655,5
visual_qa_histograms/example_hists_larger/images/id_000474.png,10,-0.21342422762033036,0.39788663571991634,0.16500921837987947,0.10946151686078887,3
visual_qa_histograms/example_hists_larger/images/id_000475.png,60,-0.934611971720228,0.7519253269491998,-0.5680511108375736,-0.3554801946861985,2
visual_qa_histograms/example_hists_larger/images/id_000476.png,20,-0.5714012900868473,-0.3126996860896994,-0.44706140826395946,-0.4468989171322797,1
visual_qa_histograms/example_hists_larger/images/id_000477.png,60,-0.5678665354951576,0.7011981200453297,-0.2668647678914695,-0.19372875231532946,5
visual_qa_histograms/example_hists_larger/images/id_000478.png,60,-0.21785340280931811,0.9143929002023451,0.3287999450022957,0.3442950843504717,5
visual_qa_histograms/example_hists_larger/images/id_000479.png,20,-0.9993130733626617,0.5723898862225381,-0.08951328101656351,-0.12273221558572507,3
visual_qa_histograms/example_hists_larger/images/id_000480.png,20,-0.9347599090676806,0.7714282542833364,0.26949565832695493,0.20970521345457888,4
visual_qa_histograms/example_hists_larger/images/id_000481.png,60,-0.32622033126176897,0.869241073356038,0.3252334821301295,0.3151402316830188,2
visual_qa_histograms/example_hists_larger/images/id_000482.png,20,-0.41151548466412324,-0.058030187953916845,-0.2710105299364898,-0.26352010597271885,1
visual_qa_histograms/example_hists_larger/images/id_000483.png,20,-0.8513397131930512,0.3944630881687145,-0.0848526558952011,-0.11775057381994622,1
visual_qa_histograms/example_hists_larger/images/id_000484.png,10,-0.8730359527594131,-0.6748008076306746,-0.8339647558140232,-0.8057053130824852,4
visual_qa_histograms/example_hists_larger/images/id_000485.png,60,-0.825964929399996,-0.05588933492347939,-0.642789513664439,-0.5204873448701677,3
visual_qa_histograms/example_hists_larger/images/id_000486.png,60,-0.4560200332135366,-0.41442761205016543,-0.4284199902262267,-0.4301792923868499,1
visual_qa_histograms/example_hists_larger/images/id_000487.png,60,-0.42032304337782944,0.43669853681945986,0.285880318125722,0.10302766766312144,3
visual_qa_histograms/example_hists_larger/images/id_000488.png,60,-0.5014520517123626,-0.38908811760316725,-0.4359894879559788,-0.4377388537954291,2
visual_qa_histograms/example_hists_larger/images/id_000489.png,60,-0.9565751086812608,0.007126242965940291,-0.6828529464630163,-0.5999206926404009,5
visual_qa_histograms/example_hists_larger/images/id_000490.png,20,-0.5904093357454601,-0.4846145485434373,-0.5644121228739215,-0.5488504807506744,3
visual_qa_histograms/example_hists_larger/images/id_000491.png,45,0.39579907417094556,0.4275612417909007,0.40256248310251497,0.4052429635972309,3
visual_qa_histograms/example_hists_larger/images/id_000492.png,60,-0.9383382822925913,0.3394090745192537,-0.26680649400248024,-0.3999835718016247,3
visual_qa_histograms/example_hists_larger/images/id_000493.png,10,-0.4210735465781616,0.9946342672239407,0.16780594267729534,0.164313097656069,3
visual_qa_histograms/example_hists_larger/images/id_000494.png,20,-0.49725443986869744,0.11599219788309037,-0.1828095338840463,-0.1833038840190948,1
visual_qa_histograms/example_hists_larger/images/id_000495.png,20,0.39293148812742107,0.5737165504415515,0.5384865041548319,0.5338942328598764,1
visual_qa_histograms/example_hists_larger/images/id_000496.png,20,-0.8150979287828612,-0.3850760177797695,-0.5622612638400277,-0.5937683698193145,5
visual_qa_histograms/example_hists_larger/images/id_000497.png,45,-0.5035023317193451,0.1949221649147704,-0.1255068518503321,-0.12575023178816938,1
visual_qa_histograms/example_hists_larger/images/id_000498.png,60,-0.3132209834877899,-0.2812505943215123,-0.28975148319744515,-0.29030096338554323,1
visual_qa_histograms/example_hists_larger/images/id_000499.png,20,-0.09521019031834209,0.6810395270358447,0.1734112739472734,0.20381184605109734,4
